<?xml version="1.0" encoding="UTF-8"?>
<faces-config xmlns="http://java.sun.com/xml/ns/javaee"
	xmlns:xsi="http://www.w3.org/2001/XMLSchema-instance"
	xsi:schemaLocation="http://java.sun.com/xml/ns/javaee /WEB-INF/schema/web-facesconfig_2_0.xsd"
	version="2.0" metadata-complete="false">
	<!-- This file must be present with our jar, even if it is empty. Otherwise, 
		our Java annotations won't get scanned! -->
		
	<managed-bean>
		<managed-bean-name>provOldpass</managed-bean-name>
		<managed-bean-class>com.java.jsf.ProviderOldPass</managed-bean-class>
		<managed-bean-scope>request</managed-bean-scope>
	</managed-bean>
	<managed-bean>
		<managed-bean-name>provOldpassImpl</managed-bean-name>
		<managed-bean-class>com.java.jsf.ProviderAutholdPassImpl</managed-bean-class>
		<managed-bean-scope>request</managed-bean-scope>
	</managed-bean>


	<managed-bean>
		<managed-bean-name>oldcontroler</managed-bean-name>
		<managed-bean-class>com.java.jsf.ProviderOldpPassController</managed-bean-class>
		<managed-bean-scope>request</managed-bean-scope>
		<managed-property>
			<property-name>provOldpass</property-name>
			<property-class>com.java.jsf.ProviderOldPass</property-class>
			<value>#{provOldpass}</value>
		</managed-property>
		<managed-property>
			<property-name>provOldpassImpl</property-name>
			<property-class>com.java.jsf.ProviderAutholdPassImpl</property-class>
			<value>#{provOldpassImpl}</value>
		</managed-property>
	</managed-bean>




	<managed-bean>
		<managed-bean-name>pharmaOldpass</managed-bean-name>
		<managed-bean-class>com.java.jsf.PharmacyOldpass</managed-bean-class>
		<managed-bean-scope>request</managed-bean-scope>
	</managed-bean>
	<managed-bean>
		<managed-bean-name>pharmaOldpassImpl</managed-bean-name>
		<managed-bean-class>com.java.jsf.PharmacyOldPassImpl</managed-bean-class>
		<managed-bean-scope>request</managed-bean-scope>
	</managed-bean>

	<managed-bean>
		<managed-bean-name>oldpharmacontro</managed-bean-name>
		<managed-bean-class>com.java.jsf.PharmacyOldPasscontroller</managed-bean-class>
		<managed-bean-scope>request</managed-bean-scope>
		<managed-property>
			<property-name>pharmaOldpass</property-name>
			<property-class>com.java.jsf.PharmacyOldpass</property-class>
			<value>#{pharmaOldpass}</value>
		</managed-property>
		<managed-property>
			<property-name>pharmaOldpassImpl</property-name>
			<property-class>com.java.jsf.PharmacyOldPassImpl</property-class>
			<value>#{pharmaOldpassImpl}</value>
		</managed-property>
	</managed-bean>







	<managed-bean>
		<managed-bean-name>recipentOldpass</managed-bean-name>
		<managed-bean-class>com.java.jsf.RecipentOldpassreset</managed-bean-class>
		<managed-bean-scope>request</managed-bean-scope>
	</managed-bean>
	<managed-bean>
		<managed-bean-name>recipentOldpassImpl</managed-bean-name>
		<managed-bean-class>com.java.jsf.RecipentOldpassImpl</managed-bean-class>
		<managed-bean-scope>request</managed-bean-scope>
	</managed-bean>

	<managed-bean>
		<managed-bean-name>recipentcontro</managed-bean-name>
		<managed-bean-class>com.java.jsf.RecipentOldPassController</managed-bean-class>
		<managed-bean-scope>request</managed-bean-scope>
		<managed-property>
			<property-name>recipentOldpass</property-name>
			<property-class>com.java.jsf.RecipentOldpassreset</property-class>
			<value>#{recipentOldpass}</value>
		</managed-property>
		<managed-property>
			<property-name>recipentOldpassImpl</property-name>
			<property-class>com.java.jsf.RecipentOldpassImpl</property-class>
			<value>#{recipentOldpassImpl}</value>
		</managed-property>
	</managed-bean>




	<managed-bean>
		<managed-bean-name>login</managed-bean-name>
		<managed-bean-class>com.java.jsf.Login</managed-bean-class>
		<managed-bean-scope>request</managed-bean-scope>
	</managed-bean>

	<managed-bean>
		<managed-bean-name>loginDao</managed-bean-name>
		<managed-bean-class>com.java.jsf.LoginDAOImpl</managed-bean-class>
		<managed-bean-scope>request</managed-bean-scope>
	</managed-bean>
	<managed-bean>
		<managed-bean-name>controller</managed-bean-name>
		<managed-bean-class>com.java.jsf.Controller</managed-bean-class>
		<managed-bean-scope>request</managed-bean-scope>

		<managed-property>
			<property-name>login</property-name>
			<property-class>com.java.jsf.Login</property-class>
			<value>#{login}</value>
		</managed-property>

		<managed-property>
			<property-name>daoImpl</property-name>
			<property-class>com.java.jsf.LoginDAOImpl</property-class>
			<value>#{loginDao}</value>
		</managed-property>
	</managed-bean>






	<application>
		<message-bundle> com.jsf.MyMessage </message-bundle>
	</application>
	<managed-bean>
		<managed-bean-name>daoImpl</managed-bean-name>
		<managed-bean-class>com.java.jsf.PatientDaoImpl</managed-bean-class>
		<managed-bean-scope>request</managed-bean-scope>
	</managed-bean>
	<managed-bean>
		<managed-bean-name>patient</managed-bean-name>
		<managed-bean-class>com.java.jsf.Patient</managed-bean-class>
		<managed-bean-scope>request</managed-bean-scope>
	</managed-bean>
	<managed-bean>
		<managed-bean-name>patientController</managed-bean-name>
		<managed-bean-class>com.java.jsf.PatientController</managed-bean-class>
		<managed-bean-scope>request</managed-bean-scope>
		<managed-property>
			<property-name>daoImpl</property-name>
			<property-class>com.java.jsf.PatientDaoImpl</property-class>
			<value>#{daoImpl}</value>
		</managed-property>
	</managed-bean>
	
	
	
	
	<managed-bean>
		<managed-bean-name>patientforget</managed-bean-name>
		<managed-bean-class>com.java.jsf.Patient_Authentication</managed-bean-class>
		<managed-bean-scope>request</managed-bean-scope>
	</managed-bean>
	
	
	
	<managed-bean>
	<managed-bean-name>pharma1</managed-bean-name>
	<managed-bean-class>com.java.jsf.PharmacyLogin
	</managed-bean-class>
	<managed-bean-scope>request</managed-bean-scope>
</managed-bean>
	<managed-bean>
		<managed-bean-name>pharmaDao</managed-bean-name>
		<managed-bean-class>com.java.jsf.PharmaLoginImpl
		</managed-bean-class>
		<managed-bean-scope>request</managed-bean-scope>
	</managed-bean>
	<managed-bean>
		<managed-bean-name>daoImplPharma</managed-bean-name>
		<managed-bean-class>com.java.jsf.EnrollPharmacyImpl
		</managed-bean-class>
		<managed-bean-scope>request</managed-bean-scope>
	</managed-bean>
	<managed-bean>
		<managed-bean-name>pharma</managed-bean-name>
		<managed-bean-class>com.java.jsf.PharmacyDetail
		</managed-bean-class>
		<managed-bean-scope>request</managed-bean-scope>
	</managed-bean>
	<managed-bean>
		<managed-bean-name>pharmaImpl</managed-bean-name>
		<managed-bean-class>com.java.jsf.EnrollPharmacyImpl
		</managed-bean-class>
		<managed-bean-scope>request</managed-bean-scope>
	</managed-bean>
	<managed-bean>
		<managed-bean-name>pharmaImpl</managed-bean-name>
		<managed-bean-class>com.java.jsf.EnrollPharmacyImpl
		</managed-bean-class>
		<managed-bean-scope>request</managed-bean-scope>
	</managed-bean>
	
	<managed-bean>
	<managed-bean-name>enrollController</managed-bean-name>
	<managed-bean-class>com.java.jsf.EnrollmentController
	</managed-bean-class>
	<managed-bean-scope>request</managed-bean-scope>
	<managed-property>
		<property-name>daoImplPharma</property-name>
		<property-class>com.java.jsf.EnrollPharmacyImpl</property-class>
		<value>#{daoImplPharma}</value>
	</managed-property>
	<managed-property>
		<property-name>pharma</property-name>
		<property-class>com.java.jsf.PharmacyDetail</property-class>
		<value>#{pharma}</value>
	</managed-property>
</managed-bean>
	

</faces-config>