<?xml version="1.0" encoding="UTF-8" standalone="no"?>
<!-- Generated Nov 6, 2023, 10:39:48 AM by Hibernate Tools 3.6.2.Final --><!DOCTYPE hibernate-mapping PUBLIC "-//Hibernate/Hibernate Mapping DTD 3.0//EN" "http://www.hibernate.org/dtd/hibernate-mapping-3.0.dtd">
<hibernate-mapping auto-import="true" default-access="property" default-cascade="none" default-lazy="true">
    <class dynamic-insert="false" dynamic-update="false" mutable="true" name="com.java.jsf.ProviderOldPass" optimistic-lock="version" polymorphism="implicit" select-before-update="false" table="PROVIDER_AUTHENTICATION">
        <id name="authId" type="int">
            <column name="AUTHID"/>
            <generator class="assigned"/>
        </id>
        <property generated="never" lazy="false" name="providerId" optimistic-lock="true" type="java.lang.String" unique="false">
            <column name="PROVIDERID"/>
        </property>
        <property generated="never" lazy="false" name="email" optimistic-lock="true" type="java.lang.String" unique="false">
            <column name="EMAIL"/>
        </property>
        <property generated="never" lazy="false" name="userName" optimistic-lock="true" type="java.lang.String" unique="false">
            <column name="USERNAME"/>
        </property>
        <property generated="never" lazy="false" name="password" optimistic-lock="true" type="java.lang.String" unique="false">
            <column name="PASSWORD"/>
        </property>
        <property generated="never" lazy="false" name="status" optimistic-lock="true" type="java.lang.String" unique="false">
            <column name="STATUS"/>
        </property>
        <property generated="never" lazy="false" name="otp" optimistic-lock="true" type="java.lang.String" unique="false">
            <column name="OTP"/>
        </property>
        
    </class>
</hibernate-mapping>
