<?xml version="1.0" encoding="UTF-8"?>
<!DOCTYPE hibernate-configuration PUBLIC
		"-//Hibernate/Hibernate Configuration DTD 3.0//EN"
		"http://www.hibernate.org/dtd/hibernate-configuration-3.0.dtd">
<hibernate-configuration>
    <session-factory>
        <property name="hibernate.connection.driver_class">com.mysql.jdbc.Driver</property>
        <property name="hibernate.connection.password">Satya</property>
        <property name="hibernate.connection.url">jdbc:mysql://localhost:3306/healthcare</property>
        <property name="hibernate.connection.username">root</property>
        <property name="hibernate.dialect">org.hibernate.dialect.MySQLDialect</property>
        <mapping resource="com/java/jsf/ProviderOldPass.hbm.xml"/>
        <mapping resource="com/java/jsf/PharmacyOldpass.hbm.xml"/>
        <mapping resource="com/java/jsf/RecipentOldpassreset.hbm.xml"/>
        <mapping resource="com/java/jsf/login.hbm.xml"/>
        <mapping resource="com/java/jsf/Patient.hbm.xml"/>
        <mapping resource="com/java/jsf/PharmacyDetail.hbm.xml"/>
        <mapping resource="com/java/jsf/PharmacyLogin.hbm.xml"/>
    </session-factory>
</hibernate-configuration>
